,Patient_id,Richness,Shannon_index,Pielou_evenness,Gini-Simpson,DE50,Gini_coefficient
0,P1_pre,15074,11.23656504149024,0.8095639376507635,0.9966439573567695,0.05459731988854982,0.7159363986425631
1,P1_post,2720,7.902048061230722,0.6925915770141642,0.9364228915774475,0.03676470588235294,0.7308089004430274
2,P2_pre,17976,10.25669860861033,0.7256866463838654,0.987401436659509,0.03265465064530485,0.802037963319091
3,P2_post,39808,11.56022165734136,0.7565208477531894,0.9958955164029524,0.026678054662379422,0.8172746882398172
4,P3_pre,11584,12.273466868737719,0.9091560726986595,0.9985948081201921,0.3560946132596685,0.466270775822084
5,P3_post,46629,11.076525718219209,0.7142026348212865,0.9950977253986755,0.011066074760342276,0.852802533336867
